post_id,is_group_post,image_url,created_at
65,0,https://picsum.photos/seed/3478/400/300,2024-12-09 13:48:52
65,0,https://picsum.photos/seed/7190/400/300,2025-06-09 13:48:52
23,1,https://picsum.photos/seed/8936/400/300,2025-01-29 13:48:52
31,1,https://picsum.photos/seed/4721/400/300,2024-10-31 13:48:52
31,1,https://picsum.photos/seed/1386/400/300,2025-05-09 13:48:52
31,1,https://picsum.photos/seed/5328/400/300,2024-09-19 13:48:52
33,0,https://picsum.photos/seed/9322/400/300,2024-10-11 13:48:52
33,0,https://picsum.photos/seed/2919/400/300,2025-02-26 13:48:52
33,0,https://picsum.photos/seed/5411/400/300,2024-07-27 13:48:52
39,1,https://picsum.photos/seed/6732/400/300,2024-12-08 13:48:52
39,1,https://picsum.photos/seed/8543/400/300,2025-03-23 13:48:52
39,0,https://picsum.photos/seed/7357/400/300,2024-11-23 13:48:52
39,0,https://picsum.photos/seed/4141/400/300,2025-06-28 13:48:52
19,1,https://picsum.photos/seed/5397/400/300,2025-03-01 13:48:52
36,1,https://picsum.photos/seed/5976/400/300,2025-07-12 13:48:52
16,0,https://picsum.photos/seed/6415/400/300,2025-03-11 13:48:52
2,1,https://picsum.photos/seed/6833/400/300,2025-02-07 13:48:52
2,1,https://picsum.photos/seed/2233/400/300,2025-06-07 13:48:52
60,0,https://picsum.photos/seed/1847/400/300,2024-12-31 13:48:52
60,0,https://picsum.photos/seed/1764/400/300,2025-02-28 13:48:52
60,0,https://picsum.photos/seed/9678/400/300,2025-03-15 13:48:52
55,0,https://picsum.photos/seed/7574/400/300,2025-05-21 13:48:52
55,0,https://picsum.photos/seed/4816/400/300,2025-05-24 13:48:52
55,0,https://picsum.photos/seed/2528/400/300,2025-05-09 13:48:52
44,0,https://picsum.photos/seed/8550/400/300,2025-07-08 13:48:52
38,1,https://picsum.photos/seed/2540/400/300,2024-09-12 13:48:52
49,0,https://picsum.photos/seed/4982/400/300,2025-06-16 13:48:52
49,0,https://picsum.photos/seed/9460/400/300,2024-08-29 13:48:52
49,0,https://picsum.photos/seed/3172/400/300,2025-05-21 13:48:52
13,1,https://picsum.photos/seed/1324/400/300,2025-03-08 13:48:52
13,1,https://picsum.photos/seed/3487/400/300,2024-08-06 13:48:52
13,1,https://picsum.photos/seed/9275/400/300,2025-01-18 13:48:52
51,0,https://picsum.photos/seed/9059/400/300,2024-10-24 13:48:52
51,0,https://picsum.photos/seed/6047/400/300,2025-03-30 13:48:52
51,0,https://picsum.photos/seed/1608/400/300,2025-05-12 13:48:52
20,0,https://picsum.photos/seed/2881/400/300,2025-05-15 13:48:52
4,1,https://picsum.photos/seed/6697/400/300,2025-04-30 13:48:52
4,1,https://picsum.photos/seed/7294/400/300,2024-11-25 13:48:52
30,0,https://picsum.photos/seed/7659/400/300,2024-08-18 13:48:52
5,1,https://picsum.photos/seed/6000/400/300,2024-08-06 13:48:52
5,1,https://picsum.photos/seed/7996/400/300,2024-09-18 13:48:52
5,1,https://picsum.photos/seed/3423/400/300,2025-03-12 13:48:52
18,1,https://picsum.photos/seed/1615/400/300,2025-04-18 13:48:52
18,1,https://picsum.photos/seed/2374/400/300,2024-11-23 13:48:52
17,0,https://picsum.photos/seed/8520/400/300,2025-01-16 13:48:52
25,0,https://picsum.photos/seed/3889/400/300,2024-10-01 13:48:52
25,0,https://picsum.photos/seed/5033/400/300,2024-10-15 13:48:52
7,1,https://picsum.photos/seed/1727/400/300,2024-07-24 13:48:52
34,0,https://picsum.photos/seed/2335/400/300,2025-02-18 13:48:52
33,1,https://picsum.photos/seed/3369/400/300,2025-03-12 13:48:52
33,1,https://picsum.photos/seed/3639/400/300,2025-06-15 13:48:52
33,1,https://picsum.photos/seed/1681/400/300,2025-02-14 13:48:52
13,0,https://picsum.photos/seed/2716/400/300,2024-08-18 13:48:52
13,0,https://picsum.photos/seed/5414/400/300,2025-01-07 13:48:52
13,0,https://picsum.photos/seed/5265/400/300,2025-01-27 13:48:52
9,0,https://picsum.photos/seed/2638/400/300,2024-10-17 13:48:52
9,0,https://picsum.photos/seed/8715/400/300,2024-08-17 13:48:52
37,1,https://picsum.photos/seed/9433/400/300,2024-12-16 13:48:52
37,1,https://picsum.photos/seed/8464/400/300,2024-08-02 13:48:52
37,1,https://picsum.photos/seed/8041/400/300,2025-04-01 13:48:52
25,1,https://picsum.photos/seed/2309/400/300,2024-12-25 13:48:52
25,1,https://picsum.photos/seed/7619/400/300,2025-01-18 13:48:52
62,0,https://picsum.photos/seed/8016/400/300,2024-08-06 13:48:52
23,0,https://picsum.photos/seed/7723/400/300,2025-01-19 13:48:52
14,1,https://picsum.photos/seed/9281/400/300,2024-11-22 13:48:52
14,1,https://picsum.photos/seed/4770/400/300,2024-09-27 13:48:52
11,1,https://picsum.photos/seed/5172/400/300,2025-01-05 13:48:52
11,1,https://picsum.photos/seed/1545/400/300,2024-08-22 13:48:52
73,0,https://picsum.photos/seed/4812/400/300,2025-05-20 13:48:52
73,0,https://picsum.photos/seed/3926/400/300,2025-04-20 13:48:52
64,0,https://picsum.photos/seed/4861/400/300,2025-06-20 13:48:52
64,0,https://picsum.photos/seed/6504/400/300,2025-01-02 13:48:52
10,1,https://picsum.photos/seed/2719/400/300,2024-12-12 13:48:52
10,1,https://picsum.photos/seed/7102/400/300,2025-07-07 13:48:52
10,1,https://picsum.photos/seed/7496/400/300,2024-09-02 13:48:52
3,1,https://picsum.photos/seed/9426/400/300,2025-02-23 13:48:52
3,1,https://picsum.photos/seed/1056/400/300,2025-03-25 13:48:52
3,1,https://picsum.photos/seed/8956/400/300,2024-11-28 13:48:52
45,0,https://picsum.photos/seed/8555/400/300,2025-06-07 13:48:52
45,0,https://picsum.photos/seed/6601/400/300,2025-07-14 13:48:52
45,0,https://picsum.photos/seed/1698/400/300,2025-01-19 13:48:52
32,1,https://picsum.photos/seed/8184/400/300,2024-10-28 13:48:52
32,1,https://picsum.photos/seed/4448/400/300,2025-04-12 13:48:52
68,0,https://picsum.photos/seed/7400/400/300,2025-04-18 13:48:52
68,0,https://picsum.photos/seed/6872/400/300,2025-03-12 13:48:52
68,0,https://picsum.photos/seed/6828/400/300,2024-10-18 13:48:52
17,1,https://picsum.photos/seed/4660/400/300,2024-11-30 13:48:52
56,0,https://picsum.photos/seed/8360/400/300,2024-12-16 13:48:52
20,1,https://picsum.photos/seed/4315/400/300,2024-09-13 13:48:52
20,1,https://picsum.photos/seed/4670/400/300,2024-09-25 13:48:52
20,1,https://picsum.photos/seed/7010/400/300,2025-05-22 13:48:52
52,0,https://picsum.photos/seed/4023/400/300,2024-12-22 13:48:52
15,0,https://picsum.photos/seed/3369/400/300,2025-05-07 13:48:52
15,0,https://picsum.photos/seed/2685/400/300,2025-05-10 13:48:52
15,0,https://picsum.photos/seed/2312/400/300,2024-10-23 13:48:52
8,1,https://picsum.photos/seed/7983/400/300,2024-12-21 13:48:52
72,0,https://picsum.photos/seed/6663/400/300,2025-02-08 13:48:52
35,0,https://picsum.photos/seed/4288/400/300,2025-04-10 13:48:52
10,0,https://picsum.photos/seed/3891/400/300,2024-09-24 13:48:52
10,0,https://picsum.photos/seed/6198/400/300,2024-08-10 13:48:52
10,0,https://picsum.photos/seed/5223/400/300,2025-06-27 13:48:52
21,0,https://picsum.photos/seed/9845/400/300,2024-12-24 13:48:52
59,0,https://picsum.photos/seed/9035/400/300,2025-05-28 13:48:52
31,0,https://picsum.photos/seed/7770/400/300,2024-11-18 13:48:52
31,0,https://picsum.photos/seed/2167/400/300,2024-12-12 13:48:52
12,0,https://picsum.photos/seed/6934/400/300,2025-01-21 13:48:52
28,0,https://picsum.photos/seed/3529/400/300,2025-05-20 13:48:52
28,0,https://picsum.photos/seed/7853/400/300,2025-07-01 13:48:52
28,0,https://picsum.photos/seed/3380/400/300,2024-08-30 13:48:52
35,1,https://picsum.photos/seed/5005/400/300,2025-01-25 13:48:52
35,1,https://picsum.photos/seed/9677/400/300,2024-08-27 13:48:52
35,1,https://picsum.photos/seed/4491/400/300,2024-10-07 13:48:52
61,0,https://picsum.photos/seed/8628/400/300,2025-01-31 13:48:52
61,0,https://picsum.photos/seed/1308/400/300,2024-12-14 13:48:52
61,0,https://picsum.photos/seed/1834/400/300,2024-08-28 13:48:52
9,1,https://picsum.photos/seed/4786/400/300,2025-02-28 13:48:52
9,1,https://picsum.photos/seed/8477/400/300,2025-01-19 13:48:52
24,1,https://picsum.photos/seed/1950/400/300,2024-11-26 13:48:52
24,1,https://picsum.photos/seed/6414/400/300,2025-01-03 13:48:52
24,1,https://picsum.photos/seed/7619/400/300,2025-01-29 13:48:52
69,0,https://picsum.photos/seed/8668/400/300,2024-12-01 13:48:52
69,0,https://picsum.photos/seed/1370/400/300,2024-09-24 13:48:52
43,0,https://picsum.photos/seed/9931/400/300,2024-09-30 13:48:52
43,0,https://picsum.photos/seed/1431/400/300,2024-07-28 13:48:52
43,0,https://picsum.photos/seed/4974/400/300,2025-03-09 13:48:52
16,1,https://picsum.photos/seed/2965/400/300,2025-04-19 13:48:52
16,1,https://picsum.photos/seed/5438/400/300,2024-09-08 13:48:52
48,0,https://picsum.photos/seed/7859/400/300,2024-07-26 13:48:52
1,1,https://picsum.photos/seed/3992/400/300,2025-02-11 13:48:52
1,1,https://picsum.photos/seed/4225/400/300,2025-02-21 13:48:52
1,1,https://picsum.photos/seed/9378/400/300,2024-07-21 13:48:52
67,0,https://picsum.photos/seed/9981/400/300,2025-04-16 13:48:52
67,0,https://picsum.photos/seed/1755/400/300,2025-02-23 13:48:52
67,0,https://picsum.photos/seed/4217/400/300,2024-09-22 13:48:52
50,0,https://picsum.photos/seed/7931/400/300,2024-11-14 13:48:52
50,0,https://picsum.photos/seed/1768/400/300,2025-04-21 13:48:52
6,0,https://picsum.photos/seed/7029/400/300,2024-11-19 13:48:52
36,0,https://picsum.photos/seed/6782/400/300,2024-10-07 13:48:52
36,0,https://picsum.photos/seed/5941/400/300,2025-05-24 13:48:52
37,0,https://picsum.photos/seed/4978/400/300,2024-09-02 13:48:52
37,0,https://picsum.photos/seed/2500/400/300,2025-07-16 13:48:52
2,0,https://picsum.photos/seed/2853/400/300,2024-12-07 13:48:52
2,0,https://picsum.photos/seed/1458/400/300,2024-11-11 13:48:52
2,0,https://picsum.photos/seed/8906/400/300,2024-10-17 13:48:52
5,0,https://picsum.photos/seed/9689/400/300,2025-01-17 13:48:52
30,1,https://picsum.photos/seed/9050/400/300,2024-10-18 13:48:52
80,0,https://picsum.photos/seed/4289/400/300,2024-12-19 13:48:52
80,0,https://picsum.photos/seed/8486/400/300,2024-12-09 13:48:52
80,0,https://picsum.photos/seed/6299/400/300,2025-05-21 13:48:52
24,0,https://picsum.photos/seed/6293/400/300,2024-09-19 13:48:52
41,0,https://picsum.photos/seed/2737/400/300,2024-09-30 13:48:52
41,0,https://picsum.photos/seed/7532/400/300,2025-02-21 13:48:52
41,0,https://picsum.photos/seed/2860/400/300,2025-05-19 13:48:52
78,0,https://picsum.photos/seed/2524/400/300,2024-12-22 13:48:52
46,0,https://picsum.photos/seed/5746/400/300,2024-10-13 13:48:52
29,1,https://picsum.photos/seed/3203/400/300,2025-05-18 13:48:52
40,1,https://picsum.photos/seed/6920/400/300,2024-11-27 13:48:52
27,1,https://picsum.photos/seed/9894/400/300,2025-05-30 13:48:52
27,1,https://picsum.photos/seed/1468/400/300,2024-12-09 13:48:52
27,1,https://picsum.photos/seed/2568/400/300,2024-08-13 13:48:52
4,0,https://picsum.photos/seed/1541/400/300,2024-11-08 13:48:52
6,1,https://picsum.photos/seed/1728/400/300,2024-08-05 13:48:52
6,1,https://picsum.photos/seed/7851/400/300,2025-04-02 13:48:52
6,1,https://picsum.photos/seed/2309/400/300,2024-09-11 13:48:52
77,0,https://picsum.photos/seed/7026/400/300,2025-02-01 13:48:52
77,0,https://picsum.photos/seed/3545/400/300,2025-05-25 13:48:52
77,0,https://picsum.photos/seed/7402/400/300,2025-01-08 13:48:52
15,1,https://picsum.photos/seed/6127/400/300,2025-07-10 13:48:52
15,1,https://picsum.photos/seed/1583/400/300,2025-02-18 13:48:52
7,0,https://picsum.photos/seed/3794/400/300,2024-10-20 13:48:52
3,0,https://picsum.photos/seed/8551/400/300,2024-12-25 13:48:52
34,1,https://picsum.photos/seed/9126/400/300,2024-08-18 13:48:52
34,1,https://picsum.photos/seed/8094/400/300,2025-01-25 13:48:52
1,0,https://picsum.photos/seed/6386/400/300,2025-02-05 13:48:52
79,0,https://picsum.photos/seed/1925/400/300,2025-06-01 13:48:52
79,0,https://picsum.photos/seed/5769/400/300,2025-06-16 13:48:52
79,0,https://picsum.photos/seed/8799/400/300,2024-08-07 13:48:52
76,0,https://picsum.photos/seed/9596/400/300,2024-10-22 13:48:52
76,0,https://picsum.photos/seed/6673/400/300,2024-08-03 13:48:52
76,0,https://picsum.photos/seed/9911/400/300,2025-01-14 13:48:52
